username,email,password
1122,1122@,$2b$12$Uli2xuVYyfS1Vtk6EJIVfOxct8a6EW0pG3iPX0SUTfUr7Cz.FetvO
aaa,shahbaz@gmail.com,$2b$12$r82M9dDzYjO6jn9lQk/yBeHw6ZN7f0k66CnZZBPFfwzS9MkLrMdSC
ali,1122@12,$2b$12$dWk9uv0jL1kcuQQZvtv9CupEJtfCoIZkGokuOoAtaZEKJFjErbPly
sad,asdasd@,$2b$12$gaENDUGtQuAHJfa0ufDUpeJaA/MvBEZkkSMqmSLmzei9nP2Ym8yCy
,nouman,noumanusman!@,$2b$12$vF8UttcWSjcTDdIlowF82eQVVhqxW0lIuOHOZC7071yC4hB5BRVNO
nouman,nouman@,$2b$12$oqPQKXjd.VB/ECnRJNGX/eIoeyRZ9qCyFu6/Ct4RvlPGC0srQpCFe
22,12@,$2b$12$/7VkVZ2LNyEYZQhwSZ4dae5iK7d3X/WWlXDX8iadPTeDx8tnZmA76
,,$2b$12$muJuRbMQqACg75.Dsny1H.r6ppjt0Zx3nnrNtgtBfFAwbCt1tseda
nouman,12123@,$2b$12$casHUI3kqxs/KVzDRIAYT.Yd3coGDPv4W.8Oostx0xn.Zd8AWkriO
dasdasd,asdasdas@,$2b$12$7goeY8kOjfJdvNwvlj4OweouYI1.YW4D9xicmvEVg/FyHbNCw4JQW
asdasd,d@#eWAS,$2b$12$5tf7KN34j9ZTfzL.E4Oy4OPq7mgVds9z8ZVMtFwsEZn3E1S/fQv.i
eqwewe,qweqweqwe@,$2b$12$gZVpEoj5vPACnTMmu/efy.OmFiC7uLZLNZl1xftxAeDfGSe5Ja01i
sadsadasdas,dasd@z,$2b$12$T2NPEJNHn3tTY6aSlIQ1MuoGLh0vIPVutGM1iKCMypiIkCQpH242W
wqewqeweqwe,wqeqwe@,$2b$12$Ib/378Y1GqPYSV3Io5pmOeETcfMj9Os4SvdcWVUWBLpPjOx8rw3wq
dasd,asdas#@,$2b$12$xEc0dA8M6L3n8d8E4jsxc.A2AOeRc0CUQhuE2qZN.iJDtjsy9CRZW
wewqeeqawsdas,dasd@sd,$2b$12$6StPIyqCxvGo8AIjv.JpseZUKDq3mYqZoeeauUUhCsIP9AhxzVI3W
ewqeqwe,qwe@,$2b$12$ufLxDAZtRZS2P3DpYl1JNeMsK9.gVkzoRyTnJDcTfV/AmN7AQtu9K
